Row Type,Last Updated,Finder Detail Page
Resource,Unknown,https://credentialfinder.org//
Resource,Unknown,https://credentialfinder.org//
Resource,Unknown,https://credentialfinder.org//
Resource,Unknown,https://credentialfinder.org//
Resource,Unknown,https://credentialfinder.org//
Resource,Unknown,https://credentialfinder.org//
Resource,Unknown,https://credentialfinder.org//
Resource,Unknown,https://credentialfinder.org//
Resource,Unknown,https://credentialfinder.org//
Resource,Unknown,https://credentialfinder.org//
Resource,Unknown,https://credentialfinder.org//
Resource,Unknown,https://credentialfinder.org//
Resource,Unknown,https://credentialfinder.org//
Resource,Unknown,https://credentialfinder.org//
Resource,Unknown,https://credentialfinder.org//
Resource,Unknown,https://credentialfinder.org//
Resource,Unknown,https://credentialfinder.org//
Resource,Unknown,https://credentialfinder.org//
Resource,Unknown,https://credentialfinder.org//
Resource,Unknown,https://credentialfinder.org//
Resource,Unknown,https://credentialfinder.org//
Resource,Unknown,https://credentialfinder.org//
Resource,Unknown,https://credentialfinder.org//
Resource,Unknown,https://credentialfinder.org//
Resource,Unknown,https://credentialfinder.org//
Resource,Unknown,https://credentialfinder.org//
Resource,Unknown,https://credentialfinder.org//
Resource,Unknown,https://credentialfinder.org//
Resource,Unknown,https://credentialfinder.org//
Resource,Unknown,https://credentialfinder.org//
Resource,Unknown,https://credentialfinder.org//
Resource,Unknown,https://credentialfinder.org//
Resource,Unknown,https://credentialfinder.org//
Resource,Unknown,https://credentialfinder.org//
Resource,Unknown,https://credentialfinder.org//
Resource,Unknown,https://credentialfinder.org//
Resource,Unknown,https://credentialfinder.org//
Resource,Unknown,https://credentialfinder.org//
Resource,Unknown,https://credentialfinder.org//
Resource,Unknown,https://credentialfinder.org//
Resource,Unknown,https://credentialfinder.org//